INSERT INTO customers (username, email, password, name, role, created_at, updated_at, deleted_at) VALUES
                                                                                                  ('alice.kim','alice.kim@example.com','password','Alice Kim',10,NOW() - INTERVAL 30 DAY,NOW() - INTERVAL 29 DAY,NULL),
                                                                                                  ('bob.lee','bob.lee@example.com','password','Bob Lee',20,NOW() - INTERVAL 29 DAY,NOW() - INTERVAL 28 DAY,NULL),
                                                                                                  ('charlie.park','charlie.park@example.com','password','Charlie Park',10,NOW() - INTERVAL 28 DAY,NOW() - INTERVAL 27 DAY,NOW() - INTERVAL 5 DAY),
                                                                                                  ('diana.choi','diana.choi@example.com','password','Diana Choi',20,NOW() - INTERVAL 27 DAY,NOW() - INTERVAL 26 DAY,NULL),
                                                                                                  ('ethan.jung','ethan.jung@example.com','password','Ethan Jung',10,NOW() - INTERVAL 26 DAY,NOW() - INTERVAL 25 DAY,NULL),
                                                                                                  ('fiona.han','fiona.han@example.com','password','Fiona Han',20,NOW() - INTERVAL 25 DAY,NOW() - INTERVAL 24 DAY,NOW() - INTERVAL 10 DAY),
                                                                                                  ('george.kwon','george.kwon@example.com','password','George Kwon',10,NOW() - INTERVAL 24 DAY,NOW() - INTERVAL 23 DAY,NULL),
                                                                                                  ('hannah.lim','hannah.lim@example.com','password','Hannah Lim',20,NOW() - INTERVAL 23 DAY,NOW() - INTERVAL 22 DAY,NULL),
                                                                                                  ('ian.seo','ian.seo@example.com','password','Ian Seo',10,NOW() - INTERVAL 22 DAY,NOW() - INTERVAL 21 DAY,NOW() - INTERVAL 7 DAY),
                                                                                                  ('julia.shin','julia.shin@example.com','password','Julia Shin',20,NOW() - INTERVAL 21 DAY,NOW() - INTERVAL 20 DAY,NULL),
                                                                                                  ('kevin.yoon','kevin.yoon@example.com','password','Kevin Yoon',10,NOW() - INTERVAL 20 DAY,NOW() - INTERVAL 19 DAY,NULL),
                                                                                                  ('lisa.oh','lisa.oh@example.com','password','Lisa Oh',20,NOW() - INTERVAL 19 DAY,NOW() - INTERVAL 18 DAY,NOW() - INTERVAL 12 DAY),
                                                                                                  ('matt.seo','matt.seo@example.com','password','Matt Seo',10,NOW() - INTERVAL 18 DAY,NOW() - INTERVAL 17 DAY,NULL),
                                                                                                  ('nina.kim','nina.kim@example.com','password','Nina Kim',20,NOW() - INTERVAL 17 DAY,NOW() - INTERVAL 16 DAY,NULL),
                                                                                                  ('oliver.park','oliver.park@example.com','password','Oliver Park',10,NOW() - INTERVAL 16 DAY,NOW() - INTERVAL 15 DAY,NOW() - INTERVAL 15 DAY),
                                                                                                  ('paula.choi','paula.choi@example.com','password','Paula Choi',20,NOW() - INTERVAL 15 DAY,NOW() - INTERVAL 14 DAY,NULL),
                                                                                                  ('quentin.han','quentin.han@example.com','password','Quentin Han',10,NOW() - INTERVAL 14 DAY,NOW() - INTERVAL 13 DAY,NULL),
                                                                                                  ('rachel.lim','rachel.lim@example.com','password','Rachel Lim',20,NOW() - INTERVAL 13 DAY,NOW() - INTERVAL 12 DAY,NOW() - INTERVAL 3 DAY),
                                                                                                  ('sam.kwon','sam.kwon@example.com','password','Sam Kwon',10,NOW() - INTERVAL 12 DAY,NOW() - INTERVAL 11 DAY,NULL),
                                                                                                  ('tina.shin','tina.shin@example.com','password','Tina Shin',20,NOW() - INTERVAL 11 DAY,NOW() - INTERVAL 10 DAY,NULL),
                                                                                                  ('ursula.oh','ursula.oh@example.com','password','Ursula Oh',10,NOW() - INTERVAL 10 DAY,NOW() - INTERVAL 9 DAY,NOW() - INTERVAL 8 DAY),
                                                                                                  ('victor.yoon','victor.yoon@example.com','password','Victor Yoon',20,NOW() - INTERVAL 9 DAY,NOW() - INTERVAL 8 DAY,NULL),
                                                                                                  ('wendy.kim','wendy.kim@example.com','password','Wendy Kim',10,NOW() - INTERVAL 8 DAY,NOW() - INTERVAL 7 DAY,NULL),
                                                                                                  ('xander.park','xander.park@example.com','password','Xander Park',20,NOW() - INTERVAL 7 DAY,NOW() - INTERVAL 6 DAY,NOW() - INTERVAL 9 DAY),
                                                                                                  ('yvonne.lee','yvonne.lee@example.com','password','Yvonne Lee',10,NOW() - INTERVAL 6 DAY,NOW() - INTERVAL 5 DAY,NULL),
                                                                                                  ('zach.choi','zach.choi@example.com','password','Zach Choi',20,NOW() - INTERVAL 5 DAY,NOW() - INTERVAL 4 DAY,NULL),
                                                                                                  ('amy.han','amy.han@example.com','password','Amy Han',10,NOW() - INTERVAL 4 DAY,NOW() - INTERVAL 3 DAY,NOW() - INTERVAL 11 DAY),
                                                                                                  ('brian.lim','brian.lim@example.com','password','Brian Lim',20,NOW() - INTERVAL 3 DAY,NOW() - INTERVAL 2 DAY,NULL),
                                                                                                  ('cara.seo','cara.seo@example.com','password','Cara Seo',10,NOW() - INTERVAL 2 DAY,NOW() - INTERVAL 1 DAY,NULL),
                                                                                                  ('daniel.oh','daniel.oh@example.com','password','Daniel Oh',20,NOW() - INTERVAL 1 DAY,NOW(),NOW() - INTERVAL 13 DAY);


INSERT INTO tasks (assignee_id, title, description, priority, status, due_date, created_at, updated_at, deleted_at) VALUES
                                                                                                                        (1,'Design Login Page','Create wireframes and design for login',10,10,NOW() + INTERVAL 5 DAY,NOW() - INTERVAL 30 DAY,NOW() - INTERVAL 29 DAY,NULL),
                                                                                                                        (2,'API Integration','Integrate REST API for products',20,20,NOW() + INTERVAL 7 DAY,NOW() - INTERVAL 29 DAY,NOW() - INTERVAL 28 DAY,NULL),
                                                                                                                        (3,'Database Migration','Migrate old DB to new schema',30,30,NOW() + INTERVAL 10 DAY,NOW() - INTERVAL 28 DAY,NOW() - INTERVAL 27 DAY,NOW() - INTERVAL 5 DAY),
                                                                                                                        (4,'Create Landing Page','Landing page for marketing',10,20,NOW() + INTERVAL 3 DAY,NOW() - INTERVAL 27 DAY,NOW() - INTERVAL 26 DAY,NULL),
                                                                                                                        (5,'Unit Testing','Write unit tests for service layer',20,10,NOW() + INTERVAL 2 DAY,NOW() - INTERVAL 26 DAY,NOW() - INTERVAL 25 DAY,NULL),
                                                                                                                        (6,'Fix Bug #234','Resolve login redirect bug',30,30,NOW() + INTERVAL 1 DAY,NOW() - INTERVAL 25 DAY,NOW() - INTERVAL 24 DAY,NOW() - INTERVAL 10 DAY),
                                                                                                                        (7,'Frontend Refactor','Refactor React components',10,10,NOW() + INTERVAL 6 DAY,NOW() - INTERVAL 24 DAY,NOW() - INTERVAL 23 DAY,NULL),
                                                                                                                        (8,'Setup CI/CD','Configure Jenkins pipeline',20,20,NOW() + INTERVAL 8 DAY,NOW() - INTERVAL 23 DAY,NOW() - INTERVAL 22 DAY,NULL),
                                                                                                                        (9,'Write Documentation','Prepare user guide',30,30,NOW() + INTERVAL 12 DAY,NOW() - INTERVAL 22 DAY,NOW() - INTERVAL 21 DAY,NOW() - INTERVAL 7 DAY),
                                                                                                                        (10,'Optimize Queries','Improve DB query performance',10,20,NOW() + INTERVAL 4 DAY,NOW() - INTERVAL 21 DAY,NOW() - INTERVAL 20 DAY,NULL),
                                                                                                                        (11,'Email Notifications','Setup email alert system',20,10,NOW() + INTERVAL 5 DAY,NOW() - INTERVAL 20 DAY,NOW() - INTERVAL 19 DAY,NULL),
                                                                                                                        (12,'Security Audit','Perform vulnerability assessment',30,30,NOW() + INTERVAL 15 DAY,NOW() - INTERVAL 19 DAY,NOW() - INTERVAL 18 DAY,NOW() - INTERVAL 6 DAY),
                                                                                                                        (13,'User Feedback Form','Create feedback form UI',10,10,NOW() + INTERVAL 3 DAY,NOW() - INTERVAL 18 DAY,NOW() - INTERVAL 17 DAY,NULL),
                                                                                                                        (14,'Implement Search','Add search functionality',20,20,NOW() + INTERVAL 6 DAY,NOW() - INTERVAL 17 DAY,NOW() - INTERVAL 16 DAY,NULL),
                                                                                                                        (15,'Refactor Backend','Clean up service logic',30,30,NOW() + INTERVAL 8 DAY,NOW() - INTERVAL 16 DAY,NOW() - INTERVAL 15 DAY,NOW() - INTERVAL 8 DAY),
                                                                                                                        (16,'Set Up Logger','Configure logging mechanism',10,10,NOW() + INTERVAL 5 DAY,NOW() - INTERVAL 15 DAY,NOW() - INTERVAL 14 DAY,NULL),
                                                                                                                        (17,'Implement Cache','Add caching layer for API',20,20,NOW() + INTERVAL 7 DAY,NOW() - INTERVAL 14 DAY,NOW() - INTERVAL 13 DAY,NULL),
                                                                                                                        (18,'Performance Testing','Load test API endpoints',30,30,NOW() + INTERVAL 9 DAY,NOW() - INTERVAL 13 DAY,NOW() - INTERVAL 12 DAY,NOW() - INTERVAL 9 DAY),
                                                                                                                        (19,'Deploy to Staging','Deploy latest build',10,10,NOW() + INTERVAL 2 DAY,NOW() - INTERVAL 12 DAY,NOW() - INTERVAL 11 DAY,NULL),
                                                                                                                        (20,'Bug Fix #456','Fix issue with file upload',20,20,NOW() + INTERVAL 3 DAY,NOW() - INTERVAL 11 DAY,NOW() - INTERVAL 10 DAY,NULL),
                                                                                                                        (21,'Integrate Analytics','Setup Google Analytics',30,30,NOW() + INTERVAL 10 DAY,NOW() - INTERVAL 10 DAY,NOW() - INTERVAL 9 DAY,NOW() - INTERVAL 7 DAY),
                                                                                                                        (22,'Update Dependencies','Upgrade npm packages',10,10,NOW() + INTERVAL 2 DAY,NOW() - INTERVAL 9 DAY,NOW() - INTERVAL 8 DAY,NULL),
                                                                                                                        (23,'Fix UI Glitch','Resolve mobile layout issue',20,20,NOW() + INTERVAL 4 DAY,NOW() - INTERVAL 8 DAY,NOW() - INTERVAL 7 DAY,NULL),
                                                                                                                        (24,'Refactor CSS','Clean up stylesheets',30,30,NOW() + INTERVAL 5 DAY,NOW() - INTERVAL 7 DAY,NOW() - INTERVAL 6 DAY,NOW() - INTERVAL 5 DAY),
                                                                                                                        (25,'Create Dockerfile','Dockerize application',10,10,NOW() + INTERVAL 6 DAY,NOW() - INTERVAL 6 DAY,NOW() - INTERVAL 5 DAY,NULL),
                                                                                                                        (26,'Write Tests for API','Postman test scripts',20,20,NOW() + INTERVAL 7 DAY,NOW() - INTERVAL 5 DAY,NOW() - INTERVAL 4 DAY,NULL),
                                                                                                                        (27,'Refactor Services','Optimize service classes',30,30,NOW() + INTERVAL 8 DAY,NOW() - INTERVAL 4 DAY,NOW() - INTERVAL 3 DAY,NOW() - INTERVAL 6 DAY),
                                                                                                                        (28,'Setup Redis','Add Redis caching',10,10,NOW() + INTERVAL 9 DAY,NOW() - INTERVAL 3 DAY,NOW() - INTERVAL 2 DAY,NULL),
                                                                                                                        (29,'Implement OAuth','Add Google login',20,20,NOW() + INTERVAL 10 DAY,NOW() - INTERVAL 2 DAY,NOW() - INTERVAL 1 DAY,NULL),
                                                                                                                        (30,'Final QA','Perform final quality check',30,30,NOW() + INTERVAL 12 DAY,NOW() - INTERVAL 1 DAY,NOW(),NOW() - INTERVAL 10 DAY);


INSERT INTO comments (customer_id, task_id, parent_id, content, created_at, updated_at, deleted_at) VALUES
                                                                                                    (1,1,NULL,'Initial comment for Task 1',NOW() - INTERVAL 30 DAY,NOW() - INTERVAL 29 DAY,NULL),
                                                                                                    (2,2,NULL,'Discussed API integration steps',NOW() - INTERVAL 29 DAY,NOW() - INTERVAL 28 DAY,NULL),
                                                                                                    (3,3,1,'Follow-up on DB migration',NOW() - INTERVAL 28 DAY,NOW() - INTERVAL 27 DAY,NOW() - INTERVAL 5 DAY),
                                                                                                    (4,4,NULL,'Landing page design approved',NOW() - INTERVAL 27 DAY,NOW() - INTERVAL 26 DAY,NULL),
                                                                                                    (5,5,NULL,'Unit tests completed',NOW() - INTERVAL 26 DAY,NOW() - INTERVAL 25 DAY,NULL),
                                                                                                    (6,6,3,'Bug fix verified',NOW() - INTERVAL 25 DAY,NOW() - INTERVAL 24 DAY,NOW() - INTERVAL 10 DAY),
                                                                                                    (7,7,NULL,'Frontend refactor done',NOW() - INTERVAL 24 DAY,NOW() - INTERVAL 23 DAY,NULL),
                                                                                                    (8,8,NULL,'CI/CD pipeline configured',NOW() - INTERVAL 23 DAY,NOW() - INTERVAL 22 DAY,NULL),
                                                                                                    (9,9,6,'Documentation updated',NOW() - INTERVAL 22 DAY,NOW() - INTERVAL 21 DAY,NOW() - INTERVAL 7 DAY),
                                                                                                    (10,10,NULL,'Query optimization complete',NOW() - INTERVAL 21 DAY,NOW() - INTERVAL 20 DAY,NULL),
                                                                                                    (11,11,NULL,'Email notification tests done',NOW() - INTERVAL 20 DAY,NOW() - INTERVAL 19 DAY,NULL),
                                                                                                    (12,12,11,'Security audit findings documented',NOW() - INTERVAL 19 DAY,NOW() - INTERVAL 18 DAY,NOW() - INTERVAL 6 DAY),
                                                                                                    (13,13,NULL,'Feedback form implemented',NOW() - INTERVAL 18 DAY,NOW() - INTERVAL 17 DAY,NULL),
                                                                                                    (14,14,NULL,'Search functionality working',NOW() - INTERVAL 17 DAY,NOW() - INTERVAL 16 DAY,NULL),
                                                                                                    (15,15,12,'Backend refactor completed',NOW() - INTERVAL 16 DAY,NOW() - INTERVAL 15 DAY,NOW() - INTERVAL 8 DAY),
                                                                                                    (16,16,NULL,'Logger configured',NOW() - INTERVAL 15 DAY,NOW() - INTERVAL 14 DAY,NULL),
                                                                                                    (17,17,NULL,'Caching implemented',NOW() - INTERVAL 14 DAY,NOW() - INTERVAL 13 DAY,NULL),
                                                                                                    (18,18,15,'Performance testing results ready',NOW() - INTERVAL 13 DAY,NOW() - INTERVAL 12 DAY,NOW() - INTERVAL 5 DAY),
                                                                                                    (19,19,NULL,'Staging deployment successful',NOW() - INTERVAL 12 DAY,NOW() - INTERVAL 11 DAY,NULL),
                                                                                                    (20,20,NULL,'Bug #456 fixed',NOW() - INTERVAL 11 DAY,NOW() - INTERVAL 10 DAY,NULL),
                                                                                                    (21,21,18,'Analytics integrated',NOW() - INTERVAL 10 DAY,NOW() - INTERVAL 9 DAY,NOW() - INTERVAL 7 DAY),
                                                                                                    (22,22,NULL,'Dependencies updated',NOW() - INTERVAL 9 DAY,NOW() - INTERVAL 8 DAY,NULL),
                                                                                                    (23,23,NULL,'UI glitch resolved',NOW() - INTERVAL 8 DAY,NOW() - INTERVAL 7 DAY,NULL),
                                                                                                    (24,24,21,'CSS refactor done',NOW() - INTERVAL 7 DAY,NOW() - INTERVAL 6 DAY,NOW() - INTERVAL 9 DAY),
                                                                                                    (25,25,NULL,'Dockerfile created',NOW() - INTERVAL 6 DAY,NOW() - INTERVAL 5 DAY,NULL),
                                                                                                    (26,26,NULL,'API test scripts written',NOW() - INTERVAL 5 DAY,NOW() - INTERVAL 4 DAY,NULL),
                                                                                                    (27,27,24,'Service classes refactored',NOW() - INTERVAL 4 DAY,NOW() - INTERVAL 3 DAY,NOW() - INTERVAL 6 DAY),
                                                                                                    (28,28,NULL,'Redis caching setup',NOW() - INTERVAL 3 DAY,NOW() - INTERVAL 2 DAY,NULL),
                                                                                                    (29,29,NULL,'Google OAuth added',NOW() - INTERVAL 2 DAY,NOW() - INTERVAL 1 DAY,NULL),
                                                                                                    (30,30,27,'Final QA completed',NOW() - INTERVAL 1 DAY,NOW(),NOW() - INTERVAL 11 DAY);

INSERT INTO teams (name, description, created_at, updated_at, deleted_at) VALUES
                                                                              ('Alpha Team','Responsible for frontend development',NOW() - INTERVAL 30 DAY,NOW() - INTERVAL 29 DAY,NULL),
                                                                              ('Beta Team','Handles backend services',NOW() - INTERVAL 29 DAY,NOW() - INTERVAL 28 DAY,NULL),
                                                                              ('Gamma Team','QA and testing team',NOW() - INTERVAL 28 DAY,NOW() - INTERVAL 27 DAY,NULL),
                                                                              ('Delta Team','DevOps and deployment',NOW() - INTERVAL 27 DAY,NOW() - INTERVAL 26 DAY,NULL),
                                                                              ('Epsilon Team','Research and innovation',NOW() - INTERVAL 26 DAY,NOW() - INTERVAL 25 DAY,NULL);

INSERT INTO team_members (customer_id, team_id, created_at, updated_at, deleted_at) VALUES
                                                                                          (1,1,NOW() - INTERVAL 30 DAY,NOW() - INTERVAL 29 DAY,NULL),
                                                                                          (2,1,NOW() - INTERVAL 29 DAY,NOW() - INTERVAL 28 DAY,NULL),
                                                                                          (3,2,NOW() - INTERVAL 28 DAY,NOW() - INTERVAL 27 DAY,NOW() - INTERVAL 5 DAY),
                                                                                          (4,2,NOW() - INTERVAL 27 DAY,NOW() - INTERVAL 26 DAY,NULL),
                                                                                          (5,3,NOW() - INTERVAL 26 DAY,NOW() - INTERVAL 25 DAY,NULL),
                                                                                          (6,3,NOW() - INTERVAL 25 DAY,NOW() - INTERVAL 24 DAY,NOW() - INTERVAL 10 DAY),
                                                                                          (7,4,NOW() - INTERVAL 24 DAY,NOW() - INTERVAL 23 DAY,NULL),
                                                                                          (9,5,NOW() - INTERVAL 22 DAY,NOW() - INTERVAL 21 DAY,NOW() - INTERVAL 7 DAY),
                                                                                          (8,4,NOW() - INTERVAL 23 DAY,NOW() - INTERVAL 22 DAY,NULL),
                                                                                          (10,5,NOW() - INTERVAL 21 DAY,NOW() - INTERVAL 20 DAY,NULL),
                                                                                          (11,1,NOW() - INTERVAL 20 DAY,NOW() - INTERVAL 19 DAY,NULL),
                                                                                          (12,2,NOW() - INTERVAL 19 DAY,NOW() - INTERVAL 18 DAY,NOW() - INTERVAL 6 DAY),
                                                                                          (13,3,NOW() - INTERVAL 18 DAY,NOW() - INTERVAL 17 DAY,NULL),
                                                                                          (14,4,NOW() - INTERVAL 17 DAY,NOW() - INTERVAL 16 DAY,NULL),
                                                                                          (15,5,NOW() - INTERVAL 16 DAY,NOW() - INTERVAL 15 DAY,NOW() - INTERVAL 8 DAY),
                                                                                          (16,1,NOW() - INTERVAL 15 DAY,NOW() - INTERVAL 14 DAY,NULL),
                                                                                          (17,2,NOW() - INTERVAL 14 DAY,NOW() - INTERVAL 13 DAY,NULL),
                                                                                          (18,3,NOW() - INTERVAL 13 DAY,NOW() - INTERVAL 12 DAY,NOW() - INTERVAL 5 DAY),
                                                                                          (19,4,NOW() - INTERVAL 12 DAY,NOW() - INTERVAL 11 DAY,NULL),
                                                                                          (20,5,NOW() - INTERVAL 11 DAY,NOW() - INTERVAL 10 DAY,NULL);
